{
    "train_contrast_loss": [
        5.281435491821982,
        3.4935555403882805,
        3.346934315291318,
        3.317040805383162,
        3.300807406685569
    ],
    "train_recon_loss": [
        0.94809161641381,
        0.9327833500775424,
        0.9244919075207276,
        0.9208977872675116,
        0.9207273079590363
    ],
    "train_loss": [
        6.703572914817117,
        4.892730556834827,
        4.733672176707874,
        4.698387488451871,
        4.681898381493308
    ],
    "val_contrast_loss": [
        4.235179834365844,
        4.164484739303589,
        4.022639293670654,
        3.8847693538665773,
        4.04406307220459
    ],
    "val_recon_loss": [
        1.0071444249153136,
        0.9507124137878418,
        0.9573680806159973,
        0.9821040606498719,
        0.9310407662391662
    ],
    "val_loss": [
        5.745896472930908,
        5.590553398132324,
        5.45869140625,
        5.357925453186035,
        5.44062427520752
    ]
}